--외래키 비포함
insert into gms_accounting_cate(name) values("회비");
insert into gms_accounting_cate(name) values("식비");
insert into gms_accounting_cate(name) values("유니폼");
insert into gms_activelocal(name) values ("서울");
insert into gms_activelocal(name) values ("인천");
insert into gms_activelocal(name) values ("경기도");
insert into gms_destination(flat,flng,storename,location_id,cnt) values('123.2','1234.45','수제비가게',12314,124);
insert into gms_destination(flat,flng,storename,location_id,cnt) values('1451.22','1234.45','경현이네 고기집',12314,124);
insert into gms_destination(flat,flng,storename,location_id,cnt) values('13423.21','1234.45','재원s베이커리',12314,124);
insert into gms_itr_jobgroup(name) values("IT");
insert into gms_itr_jobgroup(name) values("사무직");
insert into gms_itr_jobgroup(name) values("생산직");
insert into gms_mcate2(name) values('자주하는 질문');
insert into gms_mcate2(name) values('자주하는 질문2');
insert into gms_mcate2(name) values('자주하는 질문3');
insert into gms_memb(name,pwd,email,tel,postno,baseaddr,addr,type,unsubscribe) 
values('강사님','1111','123@naver.com','11112222','1234','봉천동 어딘가','102호','유형?',false);
insert into gms_memb(name,pwd,email,tel,postno,baseaddr,addr,type,unsubscribe) 
values('요모조모','1111','1243@naver.com','11112222','1234','봉천동 어딘가','102호','유형?',false);
insert into gms_memb(name,pwd,email,tel,postno,baseaddr,addr,type,unsubscribe) 
values('대한민국','1111','12323@naver.com','11112222','1234','봉천동 어딘가','102호','유형?',false);
insert into gms_memb_grade(name) values('모임장');
insert into gms_memb_grade(name) values('일반회원');
insert into gms_SNS(name) values('카카오톡');
insert into gms_SNS(name) values('네이버');
insert into gms_SNS(name) values('인스타');
insert into gms_query_cate(name) values("로그인");
insert into gms_query_cate(name) values("비밀번호");
insert into gms_query_cate(name) values("회원가입");
insert into gms_purpose(name) values ("과학");
insert into gms_purpose(name) values ("운동");
insert into gms_purpose(name) values ("등산");


--외래키 포함
insert into gms_keyword(searchname, membno) values ("한식", 1);
insert into gms_keyword(searchname, membno) values ("당구", 1);
insert into gms_keyword(searchname, membno) values ("노래방", 1);
insert into gms_group(itrlocalno, fileno, name, logo, intro, mcnt, fee, vcnt) values("1", "1", "소모임1", "C://a.jpg", "10", "20000", "1", 1);
insert into gms_group(itrlocalno, fileno, name, logo, intro, mcnt, fee, vcnt) values("1", "1", "소모임2", "C://b.jpg", "20", "20000", "2", 1);
insert into gms_group(itrlocalno, fileno, name, logo, intro, mcnt, fee, vcnt) values("1", "1", "소모임3", "C://c.jpg", "30", "20000", "3", 1);
insert into gms_applyform(gno, membno, content ) values(1, 1, "가입하고싶어요 가입하고 싶어요");
insert into gms_applyform(gno, membno, content ) values(2, 2, "가입하고싶어요 가입하고 싶어요");
insert into gms_applyform(gno, membno, content ) values(3, 3, "가입하고싶어요 가입하고 싶어요");
insert into gms_calendar(name, content, resulturl, gno) values ("당구", "오호라", "www.naver.com", 1);
insert into gms_calendar(name, content, gno) values ("축구", "오호라",  2);
insert into gms_calendar(name, content, resulturl, gno) values ("농구", "오호라", "www.nate.com", 3);
insert into gms_accounting(gno, actcateno, title, amount,  status) values(1, 1, "3월 회비", "20000",  0);
insert into gms_accounting(gno, actcateno, title, amount,  status) values(1, 1, "3월 회비", "20000",  0);
insert into gms_accounting(gno, actcateno, title, amount,  status) values(1, 1, "3월 회비", "20000",  0);
insert into gms_join_memb(membno,gno,gradeno) values (1,1,1);
insert into gms_join_memb(membno,gno,gradeno) values (2,2,2);
insert into gms_join_memb(membno,gno,gradeno) values (3,3,1);
insert into gms_board(gno, membno,  content, viewcnt) values  (1, 1,'123', 1);
insert into gms_board(gno, membno,  content, viewcnt) values  (2, 2,'345', 2);
insert into gms_board(gno, membno,  content, viewcnt) values  (2, 2,'567', 1);
insert into gms_final_purpose values(1,1);
insert into gms_final_purpose values(2,2);
insert into gms_final_purpose values(3,3);
insert into gms_final_SNS values(1,1,'234@naver.com');
insert into gms_final_SNS values(2,2,'334@naver.com');
insert into gms_final_SNS values(3,3,'434@naver.com');
insert into gms_final_activelocal(membno, itrlocalno) values (1,1);
insert into gms_final_activelocal(membno, itrlocalno) values (2,2);
insert into gms_final_activelocal(membno, itrlocalno) values (3,3);
insert into gms_final_job(membno, ijgno) values (1,1);
insert into gms_final_job(membno, ijgno) values (2,2);
insert into gms_final_job(membno, ijgno) values (3,3);
insert into gms_accounting_status(actno, gno, membno,paydt ) values (1,1,1,"2022-03-16");
insert into gms_accounting_status(actno, gno, membno,paydt ) values (2,2,2,"2022-03-16");
insert into gms_accounting_status(actno, gno, membno,paydt ) values (3,3,3,"2022-03-16");
insert gms_scrap(gno, membno, bno) values(1, 1, 1);
insert gms_scrap(gno, membno, bno) values(2, 2, 2);
insert gms_scrap(gno, membno, bno) values(3, 3, 3);
insert into gms_notice(mcate2no, cate, title, content) values (1, "1", "서버점검", "서버점검중입니다");
insert into gms_notice(mcate2no, cate, title, content) values (1, "2", "고객센터휴무일", "고객센터휴무일입니다");
insert into gms_notice(mcate2no, cate, title, content) values (1, "3", "임시공휴일", "임시공휴일입니다");
insert into gms_notice_question(mcate2no, queryno, membno, title, content, path,  answer ) values (1,1,1,"삭제해주세요", "삭제해주세요내용내용", "C://a.jpg","해줄게" );
insert into gms_notice_question(mcate2no, queryno, membno, title, content) values (1,1,1,"삭제해주세요", "삭제해주세요내용내용");
insert into gms_notice_question(mcate2no, queryno, membno, title, content, path,  answer) values (1,1,1,"탈퇴해줘", "탈퇴해줘 내용내용", "C://b.jpg", "해줄게");
insert into gms_faq(title,content,path,mcate2no,queryno) values('자주하는질문1','내용1','경로1',1,1);
insert into gms_faq(title,content,path,mcate2no,queryno) values('자주하는질문2','내용2','경로1',2,2);
insert into gms_faq(title,content,path,mcate2no,queryno) values('자주하는질문3','내용3','경로1',3,3);
insert into gms_file(name,bno) values('파일4',2);
insert into gms_file(name,bno) values('파일2',2);
insert into gms_file(name,bno) values('파일3',3);
insert gms_photo(bno, path) values(1, "a.jpg");
insert gms_photo(bno, path) values(2, "b.jpg");
insert gms_photo(bno, path) values(3, "c.jpg");
insert into gms_grouptag(gno, tag) values(1, "운동");
insert into gms_grouptag(gno, tag) values(2, "서울");
insert into gms_grouptag(gno, tag) values(3, "운동2");
insert into gms_select_midpoint(lat,lng,membno,gno) values(1234.2,1242.4,1,1);
insert into gms_select_midpoint(lat,lng,membno,gno) values(1234.3,1242.123,2,2);
insert into gms_select_midpoint(lat,lng,membno,gno) values(1234.4,122.4,3,3);
insert into gms_recruit(title, content,  viewcnt, itrlocalno, fileno, membno) values ("축구 같이", "오호라",  1, 1, 1, 1);
insert into gms_recruit(title, content,  viewcnt, itrlocalno, fileno, membno) values ("공부 해요", "오호라",  1, 2, 2, 2);
insert into gms_recruit(title, content,  viewcnt, itrlocalno, fileno, membno) values ("술먹", "오호라",  1, 2, 2, 2);
insert into gms_comment(bno, content, membno, gno ) values (1, "12", 1, 1);
insert into gms_comment(bno, content, membno, gno ) values (2, "32", 2, 2);
insert into gms_comment(bno, content, membno, gno ) values (3, "137", 3, 3);
insert into gms_itr_jobgroup_detail(name, ijgno) values ("연구원", 1);
insert into gms_itr_jobgroup_detail(name, ijgno) values ("회사원", 2);
insert into gms_itr_jobgroup_detail(name, ijgno) values ("트레이너", 3);