<!-- 모임목적 인서트문 -->
insert into gms_purpose(name) values ("문화/예술/음악");
insert into gms_purpose(name) values ("교육/자기개발");
insert into gms_purpose(name) values ("육아/가족/반려동물");
insert into gms_purpose(name) values ("인문/과학");
insert into gms_purpose(name) values ("스포츠/레져");
insert into gms_purpose(name) values ("도서/독서");
insert into gms_purpose(name) values ("정치/사회/역사");
insert into gms_purpose(name) values ("건강/의료");
insert into gms_purpose(name) values ("영화/애니메이션");
insert into gms_purpose(name) values ("경제/금융/재테크");
insert into gms_purpose(name) values ("인테리어/조경/DIY");
insert into gms_purpose(name) values ("게임");
insert into gms_purpose(name) values ("여행/취미/여가");
insert into gms_purpose(name) values ("공연/전시");
insert into gms_purpose(name) values ("디자인");
insert into gms_purpose(name) values ("TV/미디어");
insert into gms_purpose(name) values ("패션/뷰티");
insert into gms_purpose(name) values ("외국어");
insert into gms_purpose(name) values ("IT/컴퓨터");
insert into gms_purpose(name) values ("쇼핑/생활/푸드");
insert into gms_purpose(name) values ("기부/봉사");
insert into gms_purpose(name) values ("창업/경영");

-- 지역 데이터

INSERT INTO gms_activelocal (name_si, name_gu) VALUES ('서울특별시', '중구');
INSERT INTO gms_activelocal (name_si, name_gu) VALUES ('서울특별시', '용산구');
INSERT INTO gms_activelocal (name_si, name_gu) VALUES ('서울특별시', '성동구');
INSERT INTO gms_activelocal (name_si, name_gu) VALUES ('서울특별시', '광진구');
INSERT INTO gms_activelocal (name_si, name_gu) VALUES ('서울특별시', '동대문구');
INSERT INTO gms_activelocal (name_si, name_gu) VALUES ('서울특별시', '중랑구');
INSERT INTO gms_activelocal (name_si, name_gu) VALUES ('서울특별시', '성북구');
INSERT INTO gms_activelocal (name_si, name_gu) VALUES ('서울특별시', '강북구');
INSERT INTO gms_activelocal (name_si, name_gu) VALUES ('서울특별시', '도봉구');
INSERT INTO gms_activelocal (name_si, name_gu) VALUES ('서울특별시', '노원구');
INSERT INTO gms_activelocal (name_si, name_gu) VALUES ('서울특별시', '은평구');
INSERT INTO gms_activelocal (name_si, name_gu) VALUES ('서울특별시', '서대문구');
INSERT INTO gms_activelocal (name_si, name_gu) VALUES ('서울특별시', '마포구');
INSERT INTO gms_activelocal (name_si, name_gu) VALUES ('서울특별시', '양천구');
INSERT INTO gms_activelocal (name_si, name_gu) VALUES ('서울특별시', '강서구');
INSERT INTO gms_activelocal (name_si, name_gu) VALUES ('서울특별시', '구로구');
INSERT INTO gms_activelocal (name_si, name_gu) VALUES ('서울특별시', '금천구');
INSERT INTO gms_activelocal (name_si, name_gu) VALUES ('서울특별시', '영등포구');
INSERT INTO gms_activelocal (name_si, name_gu) VALUES ('서울특별시', '동작구');
INSERT INTO gms_activelocal (name_si, name_gu) VALUES ('서울특별시', '관악구');
INSERT INTO gms_activelocal (name_si, name_gu) VALUES ('서울특별시', '서초구');
INSERT INTO gms_activelocal (name_si, name_gu) VALUES ('서울특별시', '강남구');
INSERT INTO gms_activelocal (name_si, name_gu) VALUES ('서울특별시', '송파구');
INSERT INTO gms_activelocal (name_si, name_gu) VALUES ('서울특별시', '강동구');
INSERT INTO gms_activelocal (name_si, name_gu) VALUES ('부산광역시', '중구');
INSERT INTO gms_activelocal (name_si, name_gu) VALUES ('부산광역시', '서구');
INSERT INTO gms_activelocal (name_si, name_gu) VALUES ('부산광역시', '동구');
INSERT INTO gms_activelocal (name_si, name_gu) VALUES ('부산광역시', '영도구');
INSERT INTO gms_activelocal (name_si, name_gu) VALUES ('부산광역시', '부산진구');
INSERT INTO gms_activelocal (name_si, name_gu) VALUES ('부산광역시', '동래구');
INSERT INTO gms_activelocal (name_si, name_gu) VALUES ('부산광역시', '남구');
INSERT INTO gms_activelocal (name_si, name_gu) VALUES ('부산광역시', '북구');
INSERT INTO gms_activelocal (name_si, name_gu) VALUES ('부산광역시', '해운대구');
INSERT INTO gms_activelocal (name_si, name_gu) VALUES ('부산광역시', '사하구');
INSERT INTO gms_activelocal (name_si, name_gu) VALUES ('부산광역시', '금정구');
INSERT INTO gms_activelocal (name_si, name_gu) VALUES ('부산광역시', '강서구');
INSERT INTO gms_activelocal (name_si, name_gu) VALUES ('부산광역시', '연제구');
INSERT INTO gms_activelocal (name_si, name_gu) VALUES ('부산광역시', '수영구');
INSERT INTO gms_activelocal (name_si, name_gu) VALUES ('부산광역시', '사상구');
INSERT INTO gms_activelocal (name_si, name_gu) VALUES ('부산광역시', '기장군');
INSERT INTO gms_activelocal (name_si, name_gu) VALUES ('대구광역시', '중구');
INSERT INTO gms_activelocal (name_si, name_gu) VALUES ('대구광역시', '동구');
INSERT INTO gms_activelocal (name_si, name_gu) VALUES ('대구광역시', '서구');
INSERT INTO gms_activelocal (name_si, name_gu) VALUES ('대구광역시', '남구');
INSERT INTO gms_activelocal (name_si, name_gu) VALUES ('대구광역시', '북구');
INSERT INTO gms_activelocal (name_si, name_gu) VALUES ('대구광역시', '수성구');
INSERT INTO gms_activelocal (name_si, name_gu) VALUES ('대구광역시', '달서구');
INSERT INTO gms_activelocal (name_si, name_gu) VALUES ('대구광역시', '달성군');
INSERT INTO gms_activelocal (name_si, name_gu) VALUES ('인천광역시', '중구');
INSERT INTO gms_activelocal (name_si, name_gu) VALUES ('인천광역시', '동구');
INSERT INTO gms_activelocal (name_si, name_gu) VALUES ('인천광역시', '미추홀구');
INSERT INTO gms_activelocal (name_si, name_gu) VALUES ('인천광역시', '연수구');
INSERT INTO gms_activelocal (name_si, name_gu) VALUES ('인천광역시', '남동구');
INSERT INTO gms_activelocal (name_si, name_gu) VALUES ('인천광역시', '부평구');
INSERT INTO gms_activelocal (name_si, name_gu) VALUES ('인천광역시', '계양구');
INSERT INTO gms_activelocal (name_si, name_gu) VALUES ('인천광역시', '서구');
INSERT INTO gms_activelocal (name_si, name_gu) VALUES ('인천광역시', '강화군');
INSERT INTO gms_activelocal (name_si, name_gu) VALUES ('인천광역시', '옹진군');
INSERT INTO gms_activelocal (name_si, name_gu) VALUES ('인천광역시', '동구');
INSERT INTO gms_activelocal (name_si, name_gu) VALUES ('인천광역시', '서구');
INSERT INTO gms_activelocal (name_si, name_gu) VALUES ('인천광역시', '남구');
INSERT INTO gms_activelocal (name_si, name_gu) VALUES ('인천광역시', '북구');
INSERT INTO gms_activelocal (name_si, name_gu) VALUES ('인천광역시', '광산구');
INSERT INTO gms_activelocal (name_si, name_gu) VALUES ('대전광역시', '소계');
INSERT INTO gms_activelocal (name_si, name_gu) VALUES ('대전광역시', '동구');
INSERT INTO gms_activelocal (name_si, name_gu) VALUES ('대전광역시', '중구');
INSERT INTO gms_activelocal (name_si, name_gu) VALUES ('대전광역시', '서구');
INSERT INTO gms_activelocal (name_si, name_gu) VALUES ('대전광역시', '유성구');
INSERT INTO gms_activelocal (name_si, name_gu) VALUES ('대전광역시', '대덕구');
INSERT INTO gms_activelocal (name_si, name_gu) VALUES ('울산광역시', '중구');
INSERT INTO gms_activelocal (name_si, name_gu) VALUES ('울산광역시', '남구');
INSERT INTO gms_activelocal (name_si, name_gu) VALUES ('울산광역시', '동구');
INSERT INTO gms_activelocal (name_si, name_gu) VALUES ('울산광역시', '북구');
INSERT INTO gms_activelocal (name_si, name_gu) VALUES ('울산광역시', '울주군');
INSERT INTO gms_activelocal (name_si, name_gu) VALUES ('세종특별자치시', '세종특별자치시');
INSERT INTO gms_activelocal (name_si, name_gu) VALUES ('경기도', '수원시');
INSERT INTO gms_activelocal (name_si, name_gu) VALUES ('경기도', '성남시');
INSERT INTO gms_activelocal (name_si, name_gu) VALUES ('경기도', '고양시');
INSERT INTO gms_activelocal (name_si, name_gu) VALUES ('경기도', '용인시');
INSERT INTO gms_activelocal (name_si, name_gu) VALUES ('경기도', '부천시');
INSERT INTO gms_activelocal (name_si, name_gu) VALUES ('경기도', '안산시');
INSERT INTO gms_activelocal (name_si, name_gu) VALUES ('경기도', '안양시');
INSERT INTO gms_activelocal (name_si, name_gu) VALUES ('경기도', '남양주시');
INSERT INTO gms_activelocal (name_si, name_gu) VALUES ('경기도', '화성시');
INSERT INTO gms_activelocal (name_si, name_gu) VALUES ('경기도', '평택시');
INSERT INTO gms_activelocal (name_si, name_gu) VALUES ('경기도', '의정부시');
INSERT INTO gms_activelocal (name_si, name_gu) VALUES ('경기도', '시흥시');
INSERT INTO gms_activelocal (name_si, name_gu) VALUES ('경기도', '파주시');
INSERT INTO gms_activelocal (name_si, name_gu) VALUES ('경기도', '광명시');
INSERT INTO gms_activelocal (name_si, name_gu) VALUES ('경기도', '김포시');
INSERT INTO gms_activelocal (name_si, name_gu) VALUES ('경기도', '군포시');
INSERT INTO gms_activelocal (name_si, name_gu) VALUES ('경기도', '광주시');
INSERT INTO gms_activelocal (name_si, name_gu) VALUES ('경기도', '이천시');
INSERT INTO gms_activelocal (name_si, name_gu) VALUES ('경기도', '양주시');
INSERT INTO gms_activelocal (name_si, name_gu) VALUES ('경기도', '오산시');
INSERT INTO gms_activelocal (name_si, name_gu) VALUES ('경기도', '구리시');
INSERT INTO gms_activelocal (name_si, name_gu) VALUES ('경기도', '안성시');
INSERT INTO gms_activelocal (name_si, name_gu) VALUES ('경기도', '포천시');
INSERT INTO gms_activelocal (name_si, name_gu) VALUES ('경기도', '의왕시');
INSERT INTO gms_activelocal (name_si, name_gu) VALUES ('경기도', '하남시');
INSERT INTO gms_activelocal (name_si, name_gu) VALUES ('경기도', '여주시');
INSERT INTO gms_activelocal (name_si, name_gu) VALUES ('경기도', '양평군');
INSERT INTO gms_activelocal (name_si, name_gu) VALUES ('경기도', '동두천시');
INSERT INTO gms_activelocal (name_si, name_gu) VALUES ('경기도', '과천시');
INSERT INTO gms_activelocal (name_si, name_gu) VALUES ('경기도', '가평군');
INSERT INTO gms_activelocal (name_si, name_gu) VALUES ('경기도', '연천군');
INSERT INTO gms_activelocal (name_si, name_gu) VALUES ('강원도', '춘천시');
INSERT INTO gms_activelocal (name_si, name_gu) VALUES ('강원도', '원주시');
INSERT INTO gms_activelocal (name_si, name_gu) VALUES ('강원도', '강릉시');
INSERT INTO gms_activelocal (name_si, name_gu) VALUES ('강원도', '동해시');
INSERT INTO gms_activelocal (name_si, name_gu) VALUES ('강원도', '태백시');
INSERT INTO gms_activelocal (name_si, name_gu) VALUES ('강원도', '속초시');
INSERT INTO gms_activelocal (name_si, name_gu) VALUES ('강원도', '삼척시');
INSERT INTO gms_activelocal (name_si, name_gu) VALUES ('강원도', '홍천군');
INSERT INTO gms_activelocal (name_si, name_gu) VALUES ('강원도', '횡성군');
INSERT INTO gms_activelocal (name_si, name_gu) VALUES ('강원도', '영월군');
INSERT INTO gms_activelocal (name_si, name_gu) VALUES ('강원도', '평창군');
INSERT INTO gms_activelocal (name_si, name_gu) VALUES ('강원도', '정선군');
INSERT INTO gms_activelocal (name_si, name_gu) VALUES ('강원도', '철원군');
INSERT INTO gms_activelocal (name_si, name_gu) VALUES ('강원도', '화천군');
INSERT INTO gms_activelocal (name_si, name_gu) VALUES ('강원도', '양구군');
INSERT INTO gms_activelocal (name_si, name_gu) VALUES ('강원도', '인제군');
INSERT INTO gms_activelocal (name_si, name_gu) VALUES ('강원도', '고성군');
INSERT INTO gms_activelocal (name_si, name_gu) VALUES ('강원도', '양양군');
INSERT INTO gms_activelocal (name_si, name_gu) VALUES ('충청북도', '청주시');
INSERT INTO gms_activelocal (name_si, name_gu) VALUES ('충청북도', '충주시');
INSERT INTO gms_activelocal (name_si, name_gu) VALUES ('충청북도', '제천시');
INSERT INTO gms_activelocal (name_si, name_gu) VALUES ('충청북도', '보은군');
INSERT INTO gms_activelocal (name_si, name_gu) VALUES ('충청북도', '옥천군');
INSERT INTO gms_activelocal (name_si, name_gu) VALUES ('충청북도', '영동군');
INSERT INTO gms_activelocal (name_si, name_gu) VALUES ('충청북도', '진천군');
INSERT INTO gms_activelocal (name_si, name_gu) VALUES ('충청북도', '괴산군');
INSERT INTO gms_activelocal (name_si, name_gu) VALUES ('충청북도', '음성군');
INSERT INTO gms_activelocal (name_si, name_gu) VALUES ('충청북도', '단양군');
INSERT INTO gms_activelocal (name_si, name_gu) VALUES ('충청북도', '증평군');
INSERT INTO gms_activelocal (name_si, name_gu) VALUES ('충청남도', '천안시');
INSERT INTO gms_activelocal (name_si, name_gu) VALUES ('충청남도', '공주시');
INSERT INTO gms_activelocal (name_si, name_gu) VALUES ('충청남도', '보령시');
INSERT INTO gms_activelocal (name_si, name_gu) VALUES ('충청남도', '아산시');
INSERT INTO gms_activelocal (name_si, name_gu) VALUES ('충청남도', '서산시');
INSERT INTO gms_activelocal (name_si, name_gu) VALUES ('충청남도', '논산시');
INSERT INTO gms_activelocal (name_si, name_gu) VALUES ('충청남도', '계룡시');
INSERT INTO gms_activelocal (name_si, name_gu) VALUES ('충청남도', '당진시');
INSERT INTO gms_activelocal (name_si, name_gu) VALUES ('충청남도', '금산군');
INSERT INTO gms_activelocal (name_si, name_gu) VALUES ('충청남도', '부여군');
INSERT INTO gms_activelocal (name_si, name_gu) VALUES ('충청남도', '서천군');
INSERT INTO gms_activelocal (name_si, name_gu) VALUES ('충청남도', '청양군');
INSERT INTO gms_activelocal (name_si, name_gu) VALUES ('충청남도', '홍성군');
INSERT INTO gms_activelocal (name_si, name_gu) VALUES ('충청남도', '예산군');
INSERT INTO gms_activelocal (name_si, name_gu) VALUES ('충청남도', '태안군');
INSERT INTO gms_activelocal (name_si, name_gu) VALUES ('전라북도', '전주시');
INSERT INTO gms_activelocal (name_si, name_gu) VALUES ('전라북도', '군산시');
INSERT INTO gms_activelocal (name_si, name_gu) VALUES ('전라북도', '익산시');
INSERT INTO gms_activelocal (name_si, name_gu) VALUES ('전라북도', '정읍시');
INSERT INTO gms_activelocal (name_si, name_gu) VALUES ('전라북도', '남원시');
INSERT INTO gms_activelocal (name_si, name_gu) VALUES ('전라북도', '김제시');
INSERT INTO gms_activelocal (name_si, name_gu) VALUES ('전라북도', '완주군');
INSERT INTO gms_activelocal (name_si, name_gu) VALUES ('전라북도', '진안군');
INSERT INTO gms_activelocal (name_si, name_gu) VALUES ('전라북도', '무주군');
INSERT INTO gms_activelocal (name_si, name_gu) VALUES ('전라북도', '장수군');
INSERT INTO gms_activelocal (name_si, name_gu) VALUES ('전라북도', '임실군');
INSERT INTO gms_activelocal (name_si, name_gu) VALUES ('전라북도', '순창군');
INSERT INTO gms_activelocal (name_si, name_gu) VALUES ('전라북도', '고창군');
INSERT INTO gms_activelocal (name_si, name_gu) VALUES ('전라북도', '부안군');
INSERT INTO gms_activelocal (name_si, name_gu) VALUES ('전라남도', '목포시');
INSERT INTO gms_activelocal (name_si, name_gu) VALUES ('전라남도', '여수시');
INSERT INTO gms_activelocal (name_si, name_gu) VALUES ('전라남도', '순천시');
INSERT INTO gms_activelocal (name_si, name_gu) VALUES ('전라남도', '나주시');
INSERT INTO gms_activelocal (name_si, name_gu) VALUES ('전라남도', '광양시');
INSERT INTO gms_activelocal (name_si, name_gu) VALUES ('전라남도', '담양군');
INSERT INTO gms_activelocal (name_si, name_gu) VALUES ('전라남도', '곡성군');
INSERT INTO gms_activelocal (name_si, name_gu) VALUES ('전라남도', '구례군');
INSERT INTO gms_activelocal (name_si, name_gu) VALUES ('전라남도', '고흥군');
INSERT INTO gms_activelocal (name_si, name_gu) VALUES ('전라남도', '보성군');
INSERT INTO gms_activelocal (name_si, name_gu) VALUES ('전라남도', '화순군');
INSERT INTO gms_activelocal (name_si, name_gu) VALUES ('전라남도', '장흥군');
INSERT INTO gms_activelocal (name_si, name_gu) VALUES ('전라남도', '강진군');
INSERT INTO gms_activelocal (name_si, name_gu) VALUES ('전라남도', '해남군');
INSERT INTO gms_activelocal (name_si, name_gu) VALUES ('전라남도', '영암군');
INSERT INTO gms_activelocal (name_si, name_gu) VALUES ('전라남도', '무안군');
INSERT INTO gms_activelocal (name_si, name_gu) VALUES ('전라남도', '함평군');
INSERT INTO gms_activelocal (name_si, name_gu) VALUES ('전라남도', '영광군');
INSERT INTO gms_activelocal (name_si, name_gu) VALUES ('전라남도', '장성군');
INSERT INTO gms_activelocal (name_si, name_gu) VALUES ('전라남도', '완도군');
INSERT INTO gms_activelocal (name_si, name_gu) VALUES ('전라남도', '진도군');
INSERT INTO gms_activelocal (name_si, name_gu) VALUES ('전라남도', '신안군');
INSERT INTO gms_activelocal (name_si, name_gu) VALUES ('경상북도', '소계');
INSERT INTO gms_activelocal (name_si, name_gu) VALUES ('경상북도', '포항시');
INSERT INTO gms_activelocal (name_si, name_gu) VALUES ('경상북도', '경주시');
INSERT INTO gms_activelocal (name_si, name_gu) VALUES ('경상북도', '김천시');
INSERT INTO gms_activelocal (name_si, name_gu) VALUES ('경상북도', '안동시');
INSERT INTO gms_activelocal (name_si, name_gu) VALUES ('경상북도', '구미시');
INSERT INTO gms_activelocal (name_si, name_gu) VALUES ('경상북도', '영주시');
INSERT INTO gms_activelocal (name_si, name_gu) VALUES ('경상북도', '영천시');
INSERT INTO gms_activelocal (name_si, name_gu) VALUES ('경상북도', '상주시');
INSERT INTO gms_activelocal (name_si, name_gu) VALUES ('경상북도', '문경시');
INSERT INTO gms_activelocal (name_si, name_gu) VALUES ('경상북도', '경산시');
INSERT INTO gms_activelocal (name_si, name_gu) VALUES ('경상북도', '군위군');
INSERT INTO gms_activelocal (name_si, name_gu) VALUES ('경상북도', '의성군');
INSERT INTO gms_activelocal (name_si, name_gu) VALUES ('경상북도', '청송군');
INSERT INTO gms_activelocal (name_si, name_gu) VALUES ('경상북도', '영양군');
INSERT INTO gms_activelocal (name_si, name_gu) VALUES ('경상북도', '영덕군');
INSERT INTO gms_activelocal (name_si, name_gu) VALUES ('경상북도', '청도군');
INSERT INTO gms_activelocal (name_si, name_gu) VALUES ('경상북도', '고령군');
INSERT INTO gms_activelocal (name_si, name_gu) VALUES ('경상북도', '성주군');
INSERT INTO gms_activelocal (name_si, name_gu) VALUES ('경상북도', '칠곡군');
INSERT INTO gms_activelocal (name_si, name_gu) VALUES ('경상북도', '예천군');
INSERT INTO gms_activelocal (name_si, name_gu) VALUES ('경상북도', '봉화군');
INSERT INTO gms_activelocal (name_si, name_gu) VALUES ('경상북도', '울진군');
INSERT INTO gms_activelocal (name_si, name_gu) VALUES ('경상북도', '울릉군');
INSERT INTO gms_activelocal (name_si, name_gu) VALUES ('경상남도', '소계');
INSERT INTO gms_activelocal (name_si, name_gu) VALUES ('경상남도', '창원시');
INSERT INTO gms_activelocal (name_si, name_gu) VALUES ('경상남도', '진주시');
INSERT INTO gms_activelocal (name_si, name_gu) VALUES ('경상남도', '통영시');
INSERT INTO gms_activelocal (name_si, name_gu) VALUES ('경상남도', '사천시');
INSERT INTO gms_activelocal (name_si, name_gu) VALUES ('경상남도', '김해시');
INSERT INTO gms_activelocal (name_si, name_gu) VALUES ('경상남도', '밀양시');
INSERT INTO gms_activelocal (name_si, name_gu) VALUES ('경상남도', '거제시');
INSERT INTO gms_activelocal (name_si, name_gu) VALUES ('경상남도', '양산시');
INSERT INTO gms_activelocal (name_si, name_gu) VALUES ('경상남도', '의령군');
INSERT INTO gms_activelocal (name_si, name_gu) VALUES ('경상남도', '함안군');
INSERT INTO gms_activelocal (name_si, name_gu) VALUES ('경상남도', '창녕군');
INSERT INTO gms_activelocal (name_si, name_gu) VALUES ('경상남도', '고성군');
INSERT INTO gms_activelocal (name_si, name_gu) VALUES ('경상남도', '남해군');
INSERT INTO gms_activelocal (name_si, name_gu) VALUES ('경상남도', '하동군');
INSERT INTO gms_activelocal (name_si, name_gu) VALUES ('경상남도', '산청군');
INSERT INTO gms_activelocal (name_si, name_gu) VALUES ('경상남도', '함양군');
INSERT INTO gms_activelocal (name_si, name_gu) VALUES ('경상남도', '거창군');
INSERT INTO gms_activelocal (name_si, name_gu) VALUES ('경상남도', '합천군');
INSERT INTO gms_activelocal (name_si, name_gu) VALUES ('제주특별자치도', '제주시');
INSERT INTO gms_activelocal (name_si, name_gu) VALUES ('제주특별자치도', '서귀포시');

--외래키 비포함
insert into gms_accounting_cate(name) values("전체");
insert into gms_accounting_cate(name) values("회비");
insert into gms_accounting_cate(name) values("모임비");
insert into gms_accounting_cate(name) values("기타");
insert into gms_destination(flat,flng,store_name,location_id,view_cnt) values('123.2','1234.45','수제비가게',12314,124);
insert into gms_destination(flat,flng,store_name,location_id,view_cnt) values('1451.22','1234.45','경현이네 고기집',12314,124);
insert into gms_destination(flat,flng,store_name,location_id,view_cnt) values('13423.21','1234.45','재원s베이커리',12314,124);
insert into gms_main_cate(name) values('자주하는 질문1');
insert into gms_main_cate(name) values('자주하는 질문2');
insert into gms_main_cate(name) values('자주하는 질문3');
insert into gms_memb(name,pwd,email,tel,post_no,base_addr,addr,type,unsubscribe) 
values('김땡땡','1111','123@naver.com','11112222','1234','봉천동 어딘가','102호','유형?',false);
insert into gms_memb(name,pwd,email,tel,post_no,base_addr,addr,type,unsubscribe) 
values('이땡땡','1111','1243@naver.com','11112222','1234','봉천동 어딘가','102호','유형?',false);
insert into gms_memb(name,pwd,email,tel,post_no,base_addr,addr,type,unsubscribe) 
values('박땡땡','1111','12323@naver.com','11112222','1234','봉천동 어딘가','102호','유형?',false);
insert into gms_memb(name,pwd,email,tel,post_no,base_addr,addr,type,unsubscribe) 
values('정땡땡','1111','def@naver.com','11112222','1234','봉천동','102호','유형',false);
insert into gms_memb(name,pwd,email,tel,post_no,base_addr,addr,type,unsubscribe) 
values('조땡땡','1111','abc@naver.com','11112222','1234','봉천동','102호','유형',false);
insert into gms_memb_grade(name) values('모임장');
insert into gms_memb_grade(name) values('일반회원');
insert into gms_SNS(name) values('카카오톡');
insert into gms_SNS(name) values('네이버');
insert into gms_SNS(name) values('페이스북');
insert into gms_query_cate(name) values("로그인");
insert into gms_query_cate(name) values("비밀번호");
insert into gms_query_cate(name) values("회원가입");
insert into gms_report_cate(name) values ("회원");
insert into gms_report_cate(name) values ("모임");
insert into gms_report_cate(name) values ("게시글");
insert into gms_report_cate(name) values ("댓글");


--외래키 포함
insert into gms_report(title,content,valid,reported,memb_no,rpt_cate_no) values ("욕설1", "이상준욕설1", 1, 1,1,1);
insert into gms_report(title,content,valid,reported,memb_no,rpt_cate_no) values ("욕설2", "이상준욕설2", 2, 1,1,1);
insert into gms_report(title,content,valid,reported,memb_no,rpt_cate_no) values ("욕설3", "이상준욕설3", 3, 1,1,1);
insert into gms_keyword(search_name, memb_no) values ("한식", 1);
insert into gms_keyword(search_name, memb_no) values ("당구", 1);
insert into gms_keyword(search_name, memb_no) values ("노래방", 1);
insert into gms_group(act_local_no, pups_no, name, logo, intro, max_cnt, view_cnt) values("1", "1", "소모임1", "C://a.jpg", "10", "20000", 1);
insert into gms_group(act_local_no, pups_no, name, logo, intro, max_cnt, view_cnt) values("1", "1", "소모임2", "C://b.jpg", "20", "20000", 1);
insert into gms_group(act_local_no, pups_no, name, logo, intro, max_cnt, view_cnt) values("1", "1", "소모임3", "C://c.jpg", "30", "20000", 1);
insert into gms_applyform(g_no, memb_no, content ) values(1, 1, "가입하고싶어요1 가입하고 싶어요1");
insert into gms_applyform(g_no, memb_no, content ) values(2, 2, "가입하고싶어요2 가입하고 싶어요2");
insert into gms_applyform(g_no, memb_no, content ) values(3, 3, "가입하고싶어요3 가입하고 싶어요3");
insert into gms_apllyform_question (appl_no, question_name) values(1, "최근에 읽은 책은?");
insert into gms_apllyform_question (appl_no, question_name) values(1, "가장 재밌게 본 영화는?");
insert into gms_apllyform_question (appl_no, question_name) values(1, "어떻게 알고 오셨나요?");
insert into gms_apllyform_question (appl_no, question_name) values(2, "3대 중량 몇인가요?");
insert into gms_apllyform_question (appl_no, question_name) values(2, "운동 경력");
insert into gms_apllyform_question (appl_no, question_name) values(3, "좋아하는 코스를 적어주세요");
insert into gms_apllyform_answer (appl_question_no, answer) values(1, "설레는 봄엔 설렌다");
insert into gms_apllyform_answer (appl_question_no, answer) values(2, "영화는 안봐요");
insert into gms_apllyform_anwser (appl_question_no, answer) values(3, "검색");
insert into gms_apllyform_anwser (appl_question_no, answer) values(4, "50kg....");
insert into gms_apllyform_anwser (appl_question_no, answer) values(5, "3개월");
insert into gms_apllyform_anwser (appl_question_no, answer) values(6, "양재천 따라 쭉 타요 ㅎㅎ");

insert into gms_calendar(name, content, result_url, g_no, start_dt, end_dt) values ("정모1", "7시 강남역1번출구", "www.naver.com", 1, "2022-04-03", "2022-04-03");
insert into gms_calendar(name, content, result_url, g_no, start_dt, end_dt) values ("정모2", "7시 구디 4번 출구", "www.naver.com", 1, "2022-04-05", "2022-04-10");
insert into gms_calendar(name, content, result_url, g_no, start_dt, end_dt) values ("정모3", "12시 점심약속", "www.naver.com", 1, "2022-04-30", "2022-04-30");
insert into gms_calendar(name, content, g_no, start_dt, end_dt) values ("정모4", "12시 점심약속", 1, "2022-04-30", "2022-04-30");
insert into gms_calendar(name, content, g_no, start_dt, end_dt) values ("정모5", "약속", 1, "2022-04-26", "2022-04-27");
insert into gms_calendar(name, content, result_url, g_no, start_dt, end_dt) values ("정모6", "7시 강남역1번출구", "www.daum.net", 1, "2022-05-03", "2022-05-03");
insert into gms_calendar(name, content, result_url, g_no, start_dt, end_dt) values ("정모7", "7시 구디 4번 출구", "www.naver.com", 1, "2022-05-05", "2022-05-10");
insert into gms_calendar(name, content, result_url, g_no, start_dt, end_dt) values ("정모8", "12시 점심약속", "www.naver.com", 1, "2022-05-31", "2022-05-31");
insert into gms_calendar(name, content, g_no, start_dt, end_dt) values ("정모9", "12시 점심약속", 1, "2022-05-30", "2022-05-31");
insert into gms_calendar(name, content, g_no, start_dt, end_dt) values ("정모10", "약속", 1, "2022-05-26", "2022-05-27");
insert into gms_calendar(name, content, result_url, g_no, start_dt, end_dt) values ("정모1", "강남역1번출구", "www.daum.com", 1, "2022-04-11", "2022-04-11");
insert into gms_calendar(name, content, result_url, g_no, start_dt, end_dt) values ("정모2", "놀기", "www.google.com", 1, "2022-04-05", "2022-04-05");
insert into gms_calendar(name, content, result_url, g_no, start_dt, end_dt) values ("정모3", "12시 점심약속", "www.naver.com", 1, "2022-04-30", "2022-04-30");
insert into gms_join_memb(memb_no,g_no,g_memb_grd_no) values (1,1,1);
insert into gms_join_memb(memb_no,g_no,g_memb_grd_no) values (2,2,2);
insert into gms_join_memb(memb_no,g_no,g_memb_grd_no) values (3,3,1);
insert into gms_join_memb(memb_no,g_no,g_memb_grd_no) values (5,2,1);
insert into gms_join_memb(memb_no,g_no,g_memb_grd_no) values (4,1,2);
insert into gms_join_memb(memb_no,g_no,g_memb_grd_no) values (4,2,2);
insert into gms_join_memb(memb_no,g_no,g_memb_grd_no) values (4,3,2);
insert into gms_accounting(g_no, act_cate_no, title, amount, status) values(1, 2, "1월 회비", "20000",  0);
insert into gms_accounting(g_no, act_cate_no, title, amount, status) values(1, 2, "2월 회비", "20000",  0);
insert into gms_accounting(g_no, act_cate_no, title, amount, status) values(1, 2, "3월 회비", "20000",  0);
insert into gms_accounting(g_no, act_cate_no, title, amount, status) values(1, 3, "번개", "20000",  0);
insert into gms_accounting(g_no, act_cate_no, title, amount, status) values(1, 3, "급만남", "20000",  0);
insert into gms_accounting(g_no, act_cate_no, title, amount, status) values(1, 4, "공동구매", "20000",  0);
insert into gms_board(g_no, memb_no,  content, view_cnt) values  (1, 1,'123', 1);
insert into gms_board(g_no, memb_no,  content, view_cnt) values  (2, 2,'345', 2);
insert into gms_board(g_no, memb_no,  content, view_cnt) values  (2, 2,'567', 1);
insert into gms_final_purpose values(1,1);
insert into gms_final_purpose values(2,2);
insert into gms_final_purpose values(3,3);
insert into gms_final_SNS values(1,1,'234@naver.com');
insert into gms_final_SNS values(2,2,'334@naver.com');
insert into gms_final_SNS values(3,3,'434@naver.com');
insert into gms_final_activelocal(memb_no, act_local_no) values (1,1);
insert into gms_final_activelocal(memb_no, act_local_no) values (2,2);
insert into gms_final_activelocal(memb_no, act_local_no) values (3,3);
insert into gms_accounting_status(act_no, g_no, memb_no,pay_dt ) values (1,1,1,"2022-03-16");
insert into gms_accounting_status(act_no, g_no, memb_no,pay_dt ) values (2,2,2,"2022-03-16");
insert into gms_accounting_status(act_no, g_no, memb_no,pay_dt ) values (3,3,3,"2022-03-16");
insert into gms_scrap(g_no, memb_no, b_no) values(1, 1, 1);
insert into gms_scrap(g_no, memb_no, b_no) values(2, 2, 2);
insert into gms_scrap(g_no, memb_no, b_no) values(3, 3, 3);
insert into gms_notice(main_cate_no, cate, title, content) values (1, "1", "서버점검", "서버점검중입니다");
insert into gms_notice(main_cate_no, cate, title, content) values (1, "2", "고객센터휴무일", "고객센터휴무일입니다");
insert into gms_notice(main_cate_no, cate, title, content) values (1, "3", "임시공휴일", "임시공휴일입니다");
insert into gms_notice_question(main_cate_no, query_no, memb_no, title, content, path,  answer ) values (1,1,1,"삭제해주세요", "삭제해주세요내용내용", "C://a.jpg","해줄게" );
insert into gms_notice_question(main_cate_no, query_no, memb_no, title, content) values (1,1,1,"삭제해주세요", "삭제해주세요내용내용");
insert into gms_notice_question(main_cate_no, query_no, memb_no, title, content, path,  answer) values (1,1,1,"탈퇴해줘", "탈퇴해줘 내용내용", "C://b.jpg", "해줄게");
insert into gms_faq(title,content,path,main_cate_no,query_no) values('자주하는질문1','내용1','경로1',1,1);
insert into gms_faq(title,content,path,main_cate_no,query_no) values('자주하는질문2','내용2','경로1',2,2);
insert into gms_faq(title,content,path,main_cate_no,query_no) values('자주하는질문3','내용3','경로1',3,3);
insert into gms_file(name,b_no) values('파일4',2);
insert into gms_file(name,b_no) values('파일2',2);
insert into gms_file(name,b_no) values('파일3',3);
insert into gms_photo(b_no, path) values(1, "a.jpg");
insert into gms_photo(b_no, path) values(2, "b.jpg");
insert into gms_photo(b_no, path) values(3, "c.jpg");
insert into gms_grouptag(g_no, tag_name) values(1, "운동");
insert into gms_grouptag(g_no, tag_name) values(2, "서울");
insert into gms_grouptag(g_no, tag_name) values(3, "운동2");
insert into gms_select_midpoint(lat,lng,memb_no,g_no) values(1234.2,1242.4,1,1);
insert into gms_select_midpoint(lat,lng,memb_no,g_no) values(1234.3,1242.123,2,2);
insert into gms_select_midpoint(lat,lng,memb_no,g_no) values(1234.4,122.4,3,3);
insert into gms_pickme(title, content,  view_cnt, act_local_no, pups_no, memb_no) values ("축구 같이해요", "축구 같이해요축구 같이해요축구 같이해요축구 같이해요",  1, 1, 1, 1);
insert into gms_pickme(title, content,  view_cnt, act_local_no, pups_no, memb_no) values ("공부 해요", "공부 해요공부 해요공부 해요공부 해요공부 해요공부 해요",  1, 2, 2, 2);
insert into gms_pickme(title, content,  view_cnt, act_local_no, pups_no, memb_no) values ("술먹어요", "술먹어요술먹어요술먹어요술먹어요술먹어요술먹어요술먹어요",  1, 2, 2, 2);
insert into gms_comment(b_no, content, memb_no, g_no) values (1, "12", 1, 1 );
insert into gms_comment(b_no, content, memb_no, g_no) values (1, "13", 1, 1 );
insert into gms_comment(b_no, content, memb_no, g_no) values (1, "14", 1, 1 );
insert into gms_comment(b_no, content, memb_no, g_no) values (2, "32", 2, 2);
insert into gms_comment(b_no, content, memb_no, g_no) values (3, "137", 3, 3);
insert into gms_invite_box (title, content, confirm, reg_dt, memb_no, memb_no2, g_no)
values("놀러오세요", "동물의 숲으로", 0 "2022-04-11", 1, 2, 2);
insert into gms_invite_box (title, content, confrim, reg_dt, memb_no, memb_no2, g_no)
values("같이놀아요", "우리 모임으로", 0, "2022-04-11", 1, 5, 2);
insert into gms_invite_box (title, content, confrim, reg_dt, memb_no, memb_no2, g_no)
values("놀러와요", "젤다", 0, "2022-04-11", 5, 1, 1);
insert into gms_invite_box(title, content, confrim, memb_no, memb_no2, g_no)
values("우리 모임 좋음", 0, "같이 놀아용", 1, 2, 2);
